StudentID,Month,Amount,IsEssentialFlag,Cluster
1,1,8443,0.5,2
1,2,8418,0.5263157894736842,0
1,3,8933,0.5714285714285714,1
